p,time_s,speedup,efficiency,overhead_s,useful_time_s
1,92.01006170000073,1.0,1.0,0.0,92.01006170000073
2,6.830450600000404,13.470569818628846,6.735284909314423,-39.17458024999996,46.00503085000037
4,3.9570819000000483,23.251998322298967,5.812999580574742,-19.045433525000135,23.002515425000183
